ticker,permno,company,sector,subsector
AAPL,14593.0,Apple Inc.,Information Technology,"Technology Hardware, Storage & Peripherals"
ADBE,75510.0,Adobe Inc.,Information Technology,Application Software
ADI,60871.0,Analog Devices,Information Technology,Semiconductors
ADP,26331.0,ADP,Information Technology,Data Processing & Outsourced Services
ALGN,88860.0,Align Technology,Health Care,Health Care Supplies
AMAT,14702.0,Applied Materials,Information Technology,Semiconductor Equipment
AMD,61241.0,AMD,Information Technology,Semiconductors
AMGN,14008.0,Amgen,Health Care,Biotechnology
ANSS,83621.0,Ansys,Information Technology,Application Software
ASML,81472.0,ASML Holding,Information Technology,Semiconductor Equipment
AVGO,88618.0,Broadcom Inc.,Information Technology,Semiconductors
BIDU,90857.0,Baidu,Communication Services,Interactive Media & Services
CHTR,87378.0,Charter Communications,Communication Services,Cable & Satellite
CRWD,18726.0,CrowdStrike,Information Technology,Application Software
CSCO,76076.0,Cisco,Information Technology,Communications Equipment
CTSH,86158.0,Cognizant,Information Technology,IT Consulting & Other Services
DDOG,18911.0,Datadog,Information Technology,Application Software
DOCU,85819.0,DocuSign,Information Technology,Application Software
DXCM,90664.0,DexCom,Health Care,Health Care Equipment
EA,38543.0,Electronic Arts,Communication Services,Interactive Home Entertainment
FISV,10696.0,Fiserv,Information Technology,Data Processing & Outsourced Services
FTNT,93132.0,Fortinet,Information Technology,Systems Software
GILD,40361.0,Gilead Sciences,Health Care,Biotechnology
GOOG,90319.0,Alphabet Inc. (Class C),Communication Services,Interactive Media & Services
IDXX,76709.0,Idexx Laboratories,Health Care,Health Care Equipment
ILMN,88446.0,"Illumina, Inc.",Health Care,Life Sciences Tools & Services
INTC,59328.0,Intel,Information Technology,Semiconductors
INTU,78975.0,Intuit,Information Technology,Application Software
ISRG,88352.0,Intuitive Surgical,Health Care,Health Care Equipment
KLAC,46886.0,KLA Corporation,Information Technology,Semiconductor Equipment
LRCX,48486.0,Lam Research,Information Technology,Semiconductor Equipment
MCHP,78987.0,Microchip Technology,Information Technology,Semiconductors
META,76947.0,Meta Platforms,Communication Services,Interactive Media & Services
MRNA,18312.0,Moderna,Health Care,Biotechnology
MRVL,88360.0,Marvell Technology,Information Technology,Application Software
MSFT,10107.0,Microsoft,Information Technology,Systems Software
MTCH,10973.0,Match Group,Communication Services,Interactive Media & Services
NFLX,89393.0,Netflix,Communication Services,Movies & Entertainment
NTES,88362.0,NetEase,Communication Services,Interactive Home Entertainment
NVDA,86580.0,Nvidia,Information Technology,Semiconductors
NXPI,12084.0,NXP,Information Technology,Semiconductors
OKTA,16649.0,"Okta, Inc.",Information Technology,Application Software
PAYX,61621.0,Paychex,Information Technology,Data Processing & Outsourced Services
PYPL,89311.0,PayPal,Information Technology,Data Processing & Outsourced Services
QCOM,77178.0,Qualcomm,Information Technology,Semiconductors
REGN,76614.0,Regeneron,Health Care,Biotechnology
SGEN,88949.0,Seagen,Health Care,Biotechnology
SNPS,77357.0,Synopsys,Information Technology,Application Software
SPLK,83419.0,Splunk,Information Technology,Application Software
TEAM,11910.0,Atlassian,Information Technology,Application Software
TXN,15579.0,Texas Instruments,Information Technology,Semiconductors
VRSN,85753.0,Verisign,Information Technology,Internet Services & Infrastructure
VRTX,81227.0,Vertex Pharmaceuticals,Health Care,Biotechnology
WDAY,13628.0,"Workday, Inc.",Information Technology,Application Software
ZM,18484.0,Zoom Video Communications,Information Technology,Application Software
ZS,17341.0,Zscaler,Information Technology,Application Software
